-- phpMyAdmin SQL Dump
-- version 4.1.6
-- http://www.phpmyadmin.net
--
-- Host: 127.0.0.1
-- Generation Time: Nov 17, 2016 at 07:55 AM
-- Server version: 5.6.16
-- PHP Version: 5.5.9

SET SQL_MODE = "NO_AUTO_VALUE_ON_ZERO";
SET time_zone = "+00:00";


/*!40101 SET @OLD_CHARACTER_SET_CLIENT=@@CHARACTER_SET_CLIENT */;
/*!40101 SET @OLD_CHARACTER_SET_RESULTS=@@CHARACTER_SET_RESULTS */;
/*!40101 SET @OLD_COLLATION_CONNECTION=@@COLLATION_CONNECTION */;
/*!40101 SET NAMES utf8 */;

--
-- Database: `narradb`
--

-- --------------------------------------------------------

--
-- Table structure for table `attendances`
--

CREATE TABLE IF NOT EXISTS `attendances` (
  `id` int(99) NOT NULL AUTO_INCREMENT,
  `user_id` int(99) NOT NULL,
  `date` varchar(255) NOT NULL,
  `week` varchar(99) NOT NULL,
  `month` varchar(99) NOT NULL,
  `year` varchar(99) NOT NULL,
  `is_reliever` int(1) NOT NULL DEFAULT '0',
  `reliever_position` int(99) NOT NULL,
  `position` varchar(99) NOT NULL,
  `is_ot` int(1) NOT NULL DEFAULT '0',
  `is_omit` int(1) NOT NULL DEFAULT '0',
  `is_deduct` int(1) NOT NULL DEFAULT '0',
  `omit_realdate` varchar(99) NOT NULL,
  `time_in` varchar(255) NOT NULL,
  `time_out` varchar(255) NOT NULL,
  `hours_work` varchar(99) NOT NULL,
  `night_hours` varchar(99) NOT NULL,
  `night_pay` varchar(99) NOT NULL,
  `ot_work` varchar(99) NOT NULL,
  `ot_pay` varchar(99) NOT NULL,
  `rdlegal_work` varchar(255) NOT NULL,
  `rdlegal_pay` varchar(255) NOT NULL,
  `otrdlegal_work` varchar(255) NOT NULL,
  `otrdlegal_pay` varchar(255) NOT NULL,
  `restday_work` varchar(255) NOT NULL,
  `restday_pay` varchar(255) NOT NULL,
  `is_lastpayroll` int(1) NOT NULL DEFAULT '0',
  `ot_lp_work` varchar(9) NOT NULL,
  `ot_lp_pay` varchar(9) NOT NULL,
  `legal_hours` varchar(99) NOT NULL,
  `ot_legal_work` varchar(99) NOT NULL,
  `ot_legal_pay` varchar(255) NOT NULL,
  `legal_pay` varchar(99) NOT NULL,
  `lastpayroll_hours` varchar(255) NOT NULL,
  `lastpayroll_pay` varchar(255) NOT NULL,
  `special_hours` varchar(99) NOT NULL,
  `special_pay` varchar(99) NOT NULL,
  `omit_hours` int(99) NOT NULL,
  `omit_pay` varchar(99) NOT NULL,
  `deduct_hours` varchar(99) NOT NULL,
  `deduct_basic` varchar(99) NOT NULL,
  `deduct_pay` varchar(99) NOT NULL,
  `is_night` int(1) NOT NULL DEFAULT '0',
  `per_hour` varchar(99) NOT NULL,
  `cola` varchar(99) NOT NULL,
  `sea` varchar(99) NOT NULL,
  `total` varchar(99) NOT NULL,
  `grandtotal` varchar(99) NOT NULL,
  `sss` varchar(99) NOT NULL,
  `philhealth` varchar(99) NOT NULL,
  `pagibig` varchar(99) NOT NULL,
  `is_absent` int(1) NOT NULL DEFAULT '0',
  `is_restday` int(1) NOT NULL DEFAULT '0',
  `is_holiday` int(1) NOT NULL DEFAULT '0',
  `is_legal` int(1) NOT NULL DEFAULT '0',
  `date_added` varchar(255) NOT NULL,
  PRIMARY KEY (`id`)
) ENGINE=InnoDB  DEFAULT CHARSET=latin1 AUTO_INCREMENT=240 ;

--
-- Dumping data for table `attendances`
--

INSERT INTO `attendances` (`id`, `user_id`, `date`, `week`, `month`, `year`, `is_reliever`, `reliever_position`, `position`, `is_ot`, `is_omit`, `is_deduct`, `omit_realdate`, `time_in`, `time_out`, `hours_work`, `night_hours`, `night_pay`, `ot_work`, `ot_pay`, `rdlegal_work`, `rdlegal_pay`, `otrdlegal_work`, `otrdlegal_pay`, `restday_work`, `restday_pay`, `is_lastpayroll`, `ot_lp_work`, `ot_lp_pay`, `legal_hours`, `ot_legal_work`, `ot_legal_pay`, `legal_pay`, `lastpayroll_hours`, `lastpayroll_pay`, `special_hours`, `special_pay`, `omit_hours`, `omit_pay`, `deduct_hours`, `deduct_basic`, `deduct_pay`, `is_night`, `per_hour`, `cola`, `sea`, `total`, `grandtotal`, `sss`, `philhealth`, `pagibig`, `is_absent`, `is_restday`, `is_holiday`, `is_legal`, `date_added`) VALUES
(1, 18, '1419721200', '01', '01', '2015', 0, 0, '6', 0, 0, 0, '', '', '', '8', '', '0', '0', '0', '', '0', '', '0', '', '0', 0, '', '', '', '', '', '', '', '', '', '', 0, '0', '', '', '', 0, '320', '12.5', '13', '320', '320', '', '', '', 0, 0, 0, 0, '2015-10-18 08:38:41 am'),
(2, 18, '1419894000', '01', '01', '2015', 0, 0, '6', 0, 0, 0, '', '', '', '8', '', '0', '0', '0', '', '0', '', '0', '', '0', 0, '', '', '', '', '', '', '', '', '', '', 0, '0', '', '', '', 0, '320', '12.5', '13', '320', '320', '', '', '', 0, 0, 0, 0, '2015-10-18 08:39:00 am'),
(3, 18, '1419980400', '01', '01', '2015', 0, 0, '6', 0, 0, 0, '', '', '', '8', '', '0', '0', '0', '', '0', '', '0', '', '0', 0, '', '', '', '', '', '', '', '', '', '', 0, '0', '', '', '', 0, '320', '12.5', '13', '320', '320', '', '', '', 0, 0, 0, 0, '2015-10-18 08:39:11 am'),
(4, 18, '1420239600', '01', '01', '2015', 0, 0, '6', 0, 0, 0, '', '', '', '8', '', '0', '0', '0', '', '0', '', '0', '', '0', 0, '', '', '', '', '', '', '', '', '', '', 0, '0', '', '', '', 0, '320', '12.5', '13', '320', '320', '', '', '', 0, 0, 0, 0, '2015-10-18 08:39:41 am'),
(5, 18, '1420153200', '01', '01', '2015', 0, 0, '6', 0, 0, 0, '', '', '', '8', '', '0', '0', '0', '', '0', '', '0', '', '0', 0, '', '', '', '', '', '', '', '', '', '', 0, '0', '', '', '', 0, '320', '12.5', '13', '320', '320', '', '', '', 0, 0, 0, 0, '2015-10-18 08:39:51 am'),
(6, 18, '1420066800', '01', '01', '2015', 0, 0, '6', 0, 0, 0, '', '', '', '8', '', '0', '0', '0', '', '0', '', '0', '', '0', 0, '', '', '', '', '', '', '', '', '', '', 0, '0', '', '', '', 0, '320', '12.5', '13', '320', '320', '', '', '', 0, 0, 0, 0, '2015-10-18 08:40:01 am'),
(7, 3, '1422745200', '06', '02', '2015', 0, 0, '2', 0, 0, 0, '', '', '', '8', '', '0', '0', '0', '', '0', '', '0', '', '0', 0, '', '', '', '', '', '', '', '', '', '', 0, '0', '', '', '', 0, '474.50', '12.5', '13', '474.5', '474.5', '', '', '', 0, 0, 0, 0, '2015-11-02 08:55:50 am'),
(8, 18, '1422745200', '06', '02', '2015', 0, 0, '6', 0, 0, 0, '', '', '', '8', '', '0', '0', '0', '', '0', '', '0', '', '0', 0, '', '', '', '', '', '', '', '', '', '', 0, '0', '', '', '', 0, '320', '12.5', '13', '320', '320', '', '', '', 0, 0, 0, 0, '2015-11-02 08:56:07 am'),
(9, 3, '1422918000', '06', '02', '2015', 0, 0, '2', 0, 0, 0, '', '', '', '8', '', '0', '0', '0', '', '0', '', '0', '', '0', 0, '', '', '', '', '', '', '', '', '', '', 0, '0', '', '', '', 0, '474.50', '12.5', '13', '474.5', '474.5', '', '', '', 0, 0, 0, 0, '2015-11-02 08:56:32 am'),
(10, 18, '1422918000', '06', '02', '2015', 0, 0, '6', 0, 0, 0, '', '', '', '8', '', '0', '0', '0', '', '0', '', '0', '', '0', 0, '', '', '', '', '', '', '', '', '', '', 0, '0', '', '', '', 0, '320', '12.5', '13', '320', '320', '', '', '', 0, 0, 0, 0, '2015-11-02 08:56:44 am'),
(11, 3, '1423004400', '06', '02', '2015', 0, 0, '2', 0, 0, 0, '', '', '', '8', '', '0', '0', '0', '', '0', '', '0', '', '0', 0, '', '', '', '', '', '', '', '', '', '', 0, '0', '', '', '', 0, '474.50', '12.5', '13', '474.5', '474.5', '', '', '', 0, 0, 0, 0, '2015-11-02 08:56:54 am'),
(12, 18, '1423004400', '06', '02', '2015', 0, 0, '6', 0, 0, 0, '', '', '', '8', '', '0', '0', '0', '', '0', '', '0', '', '0', 0, '', '', '', '', '', '', '', '', '', '', 0, '0', '', '', '', 0, '320', '12.5', '13', '320', '320', '', '', '', 0, 0, 0, 0, '2015-11-02 08:57:01 am'),
(13, 3, '1423090800', '06', '02', '2015', 0, 0, '2', 0, 0, 0, '', '', '', '8', '', '0', '0', '0', '', '0', '', '0', '', '0', 0, '', '', '', '', '', '', '', '', '', '', 0, '0', '', '', '', 0, '474.50', '12.5', '13', '474.5', '474.5', '', '', '', 0, 0, 0, 0, '2015-11-02 08:57:10 am'),
(14, 18, '1423090800', '06', '02', '2015', 0, 0, '6', 0, 0, 0, '', '', '', '8', '', '0', '0', '0', '', '0', '', '0', '', '0', 0, '', '', '', '', '', '', '', '', '', '', 0, '0', '', '', '', 0, '320', '12.5', '13', '320', '320', '', '', '', 0, 0, 0, 0, '2015-11-02 08:57:21 am'),
(15, 3, '1423177200', '06', '02', '2015', 0, 0, '2', 0, 0, 0, '', '', '', '8', '', '0', '0', '0', '', '0', '', '0', '', '0', 0, '', '', '', '', '', '', '', '', '', '', 0, '0', '', '', '', 0, '474.50', '12.5', '13', '474.5', '474.5', '', '', '', 0, 0, 0, 0, '2015-11-02 08:57:30 am'),
(16, 18, '1423177200', '06', '02', '2015', 0, 0, '6', 0, 0, 0, '', '', '', '8', '', '0', '0', '0', '', '0', '', '0', '', '0', 0, '', '', '', '', '', '', '', '', '', '', 0, '0', '', '', '', 0, '320', '12.5', '13', '320', '320', '', '', '', 0, 0, 0, 0, '2015-11-02 08:57:39 am'),
(17, 3, '1423263600', '06', '02', '2015', 0, 0, '2', 0, 0, 0, '', '', '', '8', '', '0', '0', '0', '', '0', '', '0', '', '0', 0, '', '', '', '', '', '', '', '', '', '', 0, '0', '', '', '', 0, '474.50', '12.5', '13', '474.5', '474.5', '', '', '', 0, 0, 0, 0, '2015-11-02 08:57:48 am'),
(18, 18, '1423263600', '06', '02', '2015', 0, 0, '6', 0, 0, 0, '', '', '', '8', '', '0', '0', '0', '', '0', '', '0', '', '0', 0, '', '', '', '', '', '', '', '', '', '', 0, '0', '', '', '', 0, '320', '12.5', '13', '320', '320', '', '', '', 0, 0, 0, 0, '2015-11-02 08:57:56 am'),
(19, 3, '1423350000', '07', '02', '2015', 0, 0, '2', 0, 0, 0, '', '', '', '8', '', '0', '0', '0', '', '0', '', '0', '', '0', 0, '', '', '', '', '', '', '', '', '', '', 0, '0', '', '', '', 0, '474.50', '12.5', '13', '474.5', '474.5', '', '', '', 0, 0, 0, 0, '2015-11-02 08:58:12 am'),
(20, 18, '1423350000', '07', '02', '2015', 0, 0, '6', 0, 0, 0, '', '', '', '8', '', '0', '0', '0', '', '0', '', '0', '', '0', 0, '', '', '', '', '', '', '', '', '', '', 0, '0', '', '', '', 0, '320', '12.5', '13', '320', '320', '', '', '', 0, 0, 0, 0, '2015-11-02 08:58:20 am'),
(21, 3, '1423522800', '07', '02', '2015', 0, 0, '2', 0, 0, 0, '', '', '', '8', '', '0', '0', '0', '', '0', '', '0', '', '0', 0, '', '', '', '', '', '', '', '', '', '', 0, '0', '', '', '', 0, '474.50', '12.5', '13', '474.5', '474.5', '', '', '', 0, 0, 0, 0, '2015-11-02 08:58:34 am'),
(22, 18, '1423522800', '07', '02', '2015', 0, 0, '6', 0, 0, 0, '', '', '', '8', '', '0', '0', '0', '', '0', '', '0', '', '0', 0, '', '', '', '', '', '', '', '', '', '', 0, '0', '', '', '', 0, '320', '12.5', '13', '320', '320', '', '', '', 0, 0, 0, 0, '2015-11-02 08:58:41 am'),
(23, 3, '1423609200', '07', '02', '2015', 0, 0, '2', 0, 0, 0, '', '', '', '8', '', '0', '0', '0', '', '0', '', '0', '', '0', 0, '', '', '', '', '', '', '', '', '', '', 0, '0', '', '', '', 0, '474.50', '12.5', '13', '474.5', '474.5', '', '', '', 0, 0, 0, 0, '2015-11-02 08:58:50 am'),
(24, 18, '1423609200', '07', '02', '2015', 0, 0, '6', 0, 0, 0, '', '', '', '8', '', '0', '0', '0', '', '0', '', '0', '', '0', 0, '', '', '', '', '', '', '', '', '', '', 0, '0', '', '', '', 0, '320', '12.5', '13', '320', '320', '', '', '', 0, 0, 0, 0, '2015-11-02 08:58:59 am'),
(25, 3, '1423695600', '07', '02', '2015', 0, 0, '2', 0, 0, 0, '', '', '', '8', '', '0', '0', '0', '', '0', '', '0', '', '0', 0, '', '', '', '', '', '', '', '', '', '', 0, '0', '', '', '', 0, '474.50', '12.5', '13', '474.5', '474.5', '', '', '', 0, 0, 0, 0, '2015-11-02 08:59:10 am'),
(26, 18, '1423695600', '07', '02', '2015', 0, 0, '6', 0, 0, 0, '', '', '', '8', '', '0', '0', '0', '', '0', '', '0', '', '0', 0, '', '', '', '', '', '', '', '', '', '', 0, '0', '', '', '', 0, '320', '12.5', '13', '320', '320', '', '', '', 0, 0, 0, 0, '2015-11-02 08:59:19 am'),
(27, 3, '1423782000', '07', '02', '2015', 0, 0, '2', 0, 0, 0, '', '', '', '8', '', '0', '0', '0', '', '0', '', '0', '', '0', 0, '', '', '', '', '', '', '', '', '', '', 0, '0', '', '', '', 0, '474.50', '12.5', '13', '474.5', '474.5', '', '', '', 0, 0, 0, 0, '2015-11-02 08:59:31 am'),
(28, 18, '1423782000', '07', '02', '2015', 0, 0, '6', 0, 0, 0, '', '', '', '8', '', '0', '0', '0', '', '0', '', '0', '', '0', 0, '', '', '', '', '', '', '', '', '', '', 0, '0', '', '', '', 0, '320', '12.5', '13', '320', '320', '', '', '', 0, 0, 0, 0, '2015-11-02 08:59:39 am'),
(29, 3, '1423868400', '07', '02', '2015', 0, 0, '2', 0, 0, 0, '', '', '', '8', '', '0', '0', '0', '', '0', '', '0', '', '0', 0, '', '', '', '', '', '', '', '', '', '', 0, '0', '', '', '', 0, '474.50', '12.5', '13', '474.5', '474.5', '', '', '', 0, 0, 0, 0, '2015-11-02 08:59:50 am'),
(30, 18, '1423868400', '07', '02', '2015', 0, 0, '6', 0, 0, 0, '', '', '', '8', '', '0', '0', '0', '', '0', '', '0', '', '0', 0, '', '', '', '', '', '', '', '', '', '', 0, '0', '', '', '', 0, '320', '12.5', '13', '320', '320', '', '', '', 0, 0, 0, 0, '2015-11-02 08:59:57 am'),
(31, 3, '1423954800', '08', '02', '2015', 0, 0, '2', 0, 0, 0, '', '', '', '8', '', '0', '0', '0', '', '0', '', '0', '', '0', 0, '', '', '', '', '', '', '', '', '', '', 0, '0', '', '', '', 0, '474.50', '12.5', '13', '474.5', '474.5', '', '', '', 0, 0, 0, 0, '2015-11-02 09:02:11 am'),
(32, 18, '1423954800', '08', '02', '2015', 0, 0, '6', 0, 0, 0, '', '', '', '8', '', '0', '0', '0', '', '0', '', '0', '', '0', 0, '', '', '', '', '', '', '', '', '', '', 0, '0', '', '', '', 0, '320', '12.5', '13', '320', '320', '', '', '', 0, 0, 0, 0, '2015-11-02 09:02:17 am'),
(33, 3, '1424127600', '08', '02', '2015', 0, 0, '2', 0, 0, 0, '', '', '', '8', '', '0', '0', '0', '', '0', '', '0', '', '0', 0, '', '', '', '', '', '', '', '', '', '', 0, '0', '', '', '', 0, '474.50', '12.5', '13', '474.5', '474.5', '', '', '', 0, 0, 0, 0, '2015-11-02 09:02:27 am'),
(34, 18, '1424127600', '08', '02', '2015', 0, 0, '6', 0, 0, 0, '', '', '', '8', '', '0', '0', '0', '', '0', '', '0', '', '0', 0, '', '', '', '', '', '', '', '', '', '', 0, '0', '', '', '', 0, '320', '12.5', '13', '320', '320', '', '', '', 0, 0, 0, 0, '2015-11-02 09:02:33 am'),
(35, 3, '1424214000', '08', '02', '2015', 0, 0, '2', 0, 0, 0, '', '', '', '8', '', '0', '0', '0', '', '0', '', '0', '', '0', 0, '', '', '', '', '', '', '', '', '', '', 0, '0', '', '', '', 0, '474.50', '12.5', '13', '474.5', '474.5', '', '', '', 0, 0, 0, 0, '2015-11-02 09:02:44 am'),
(36, 18, '1424214000', '08', '02', '2015', 0, 0, '6', 0, 0, 0, '', '', '', '8', '', '0', '0', '0', '', '0', '', '0', '', '0', 0, '', '', '', '', '', '', '', '', '', '', 0, '0', '', '', '', 0, '320', '12.5', '13', '320', '320', '', '', '', 0, 0, 0, 0, '2015-11-02 09:02:49 am'),
(37, 3, '1424300400', '08', '02', '2015', 0, 0, '2', 0, 0, 0, '', '', '', '8', '', '0', '0', '0', '', '0', '', '0', '', '0', 0, '', '', '', '', '', '', '', '', '', '', 0, '0', '', '', '', 0, '474.50', '12.5', '13', '474.5', '474.5', '', '', '', 0, 0, 0, 0, '2015-11-02 09:02:58 am'),
(38, 18, '1424300400', '08', '02', '2015', 0, 0, '6', 0, 0, 0, '', '', '', '8', '', '0', '0', '0', '', '0', '', '0', '', '0', 0, '', '', '', '', '', '', '', '', '', '', 0, '0', '', '', '', 0, '320', '12.5', '13', '320', '320', '', '', '', 0, 0, 0, 0, '2015-11-02 09:03:12 am'),
(39, 3, '1424386800', '08', '02', '2015', 0, 0, '2', 0, 0, 0, '', '', '', '8', '', '0', '0', '0', '', '0', '', '0', '', '0', 0, '', '', '', '', '', '', '', '', '', '', 0, '0', '', '', '', 0, '474.50', '12.5', '13', '474.5', '474.5', '', '', '', 0, 0, 0, 0, '2015-11-02 09:03:21 am'),
(40, 18, '1424386800', '08', '02', '2015', 0, 0, '6', 0, 0, 0, '', '', '', '8', '', '0', '0', '0', '', '0', '', '0', '', '0', 0, '', '', '', '', '', '', '', '', '', '', 0, '0', '', '', '', 0, '320', '12.5', '13', '320', '320', '', '', '', 0, 0, 0, 0, '2015-11-02 09:03:27 am'),
(41, 3, '1424473200', '08', '02', '2015', 0, 0, '2', 0, 0, 0, '', '', '', '8', '', '0', '0', '0', '', '0', '', '0', '', '0', 0, '', '', '', '', '', '', '', '', '', '', 0, '0', '', '', '', 0, '474.50', '12.5', '13', '474.5', '474.5', '', '', '', 0, 0, 0, 0, '2015-11-02 09:03:35 am'),
(42, 18, '1424473200', '08', '02', '2015', 0, 0, '6', 0, 0, 0, '', '', '', '8', '', '0', '0', '0', '', '0', '', '0', '', '0', 0, '', '', '', '', '', '', '', '', '', '', 0, '0', '', '', '', 0, '320', '12.5', '13', '320', '320', '', '', '', 0, 0, 0, 0, '2015-11-02 09:03:40 am'),
(43, 3, '1424559600', '09', '02', '2015', 0, 0, '2', 0, 0, 0, '', '', '', '8', '', '0', '0', '0', '', '0', '', '0', '', '0', 0, '', '', '', '', '', '', '', '', '', '', 0, '0', '', '', '', 0, '474.50', '12.5', '13', '474.5', '474.5', '', '', '', 0, 0, 0, 0, '2015-11-02 09:03:58 am'),
(44, 18, '1424559600', '09', '02', '2015', 0, 0, '6', 0, 0, 0, '', '', '', '8', '', '0', '0', '0', '', '0', '', '0', '', '0', 0, '', '', '', '', '', '', '', '', '', '', 0, '0', '', '', '', 0, '320', '12.5', '13', '320', '320', '', '', '', 0, 0, 0, 0, '2015-11-02 09:04:04 am'),
(45, 3, '1424732400', '09', '02', '2015', 0, 0, '2', 0, 0, 0, '', '', '', '8', '', '0', '0', '0', '', '0', '', '0', '', '0', 0, '', '', '', '', '', '', '', '', '', '', 0, '0', '', '', '', 0, '474.50', '12.5', '13', '474.5', '474.5', '', '', '', 0, 0, 0, 0, '2015-11-02 09:04:15 am'),
(46, 18, '1424732400', '09', '02', '2015', 0, 0, '6', 0, 0, 0, '', '', '', '8', '', '0', '0', '0', '', '0', '', '0', '', '0', 0, '', '', '', '', '', '', '', '', '', '', 0, '0', '', '', '', 0, '320', '12.5', '13', '320', '320', '', '', '', 0, 0, 0, 0, '2015-11-02 09:04:22 am'),
(47, 3, '1424818800', '09', '02', '2015', 0, 0, '2', 0, 0, 0, '', '', '', '8', '', '0', '0', '0', '', '0', '', '0', '', '0', 0, '', '', '', '', '', '', '', '', '', '', 0, '0', '', '', '', 0, '474.50', '12.5', '13', '474.5', '474.5', '', '', '', 0, 0, 0, 0, '2015-11-02 09:04:32 am'),
(48, 18, '1424818800', '09', '02', '2015', 0, 0, '6', 0, 0, 0, '', '', '', '8', '', '0', '0', '0', '', '0', '', '0', '', '0', 0, '', '', '', '', '', '', '', '', '', '', 0, '0', '', '', '', 0, '320', '12.5', '13', '320', '320', '', '', '', 0, 0, 0, 0, '2015-11-02 09:04:38 am'),
(49, 3, '1424905200', '09', '02', '2015', 0, 0, '2', 0, 0, 0, '', '', '', '8', '', '0', '0', '0', '', '0', '', '0', '', '0', 0, '', '', '', '', '', '', '', '', '', '', 0, '0', '', '', '', 0, '474.50', '12.5', '13', '474.5', '474.5', '', '', '', 0, 0, 0, 0, '2015-11-02 09:04:48 am'),
(50, 18, '1424905200', '09', '02', '2015', 0, 0, '6', 0, 0, 0, '', '', '', '8', '', '0', '0', '0', '', '0', '', '0', '', '0', 0, '', '', '', '', '', '', '', '', '', '', 0, '0', '', '', '', 0, '320', '12.5', '13', '320', '320', '', '', '', 0, 0, 0, 0, '2015-11-02 09:04:54 am'),
(51, 3, '1425078000', '09', '02', '2015', 0, 0, '2', 0, 0, 0, '', '', '', '8', '', '0', '0', '0', '', '0', '', '0', '', '0', 0, '', '', '', '', '', '', '', '', '', '', 0, '0', '', '', '', 0, '474.50', '12.5', '13', '474.5', '474.5', '', '', '', 0, 0, 0, 0, '2015-11-02 09:05:04 am'),
(52, 18, '1425078000', '09', '02', '2015', 0, 0, '6', 0, 0, 0, '', '', '', '8', '', '0', '0', '0', '', '0', '', '0', '', '0', 0, '', '', '', '', '', '', '', '', '', '', 0, '0', '', '', '', 0, '320', '12.5', '13', '320', '320', '', '', '', 0, 0, 0, 0, '2015-11-02 09:05:10 am'),
(53, 3, '1425164400', '10', '03', '2015', 0, 0, '2', 0, 0, 0, '', '', '', '8', '', '0', '0', '0', '', '0', '', '0', '', '0', 0, '', '', '', '', '', '', '', '', '', '', 0, '0', '', '', '', 0, '474.50', '12.5', '13', '474.5', '474.5', '', '', '', 0, 0, 0, 0, '2015-11-15 06:27:04 am'),
(54, 3, '1425337200', '10', '03', '2015', 0, 0, '2', 0, 0, 0, '', '', '', '8', '8', '47.45', '0', '0', '', '0', '', '0', '', '0', 0, '', '', '', '', '', '', '', '', '', '', 0, '0', '', '', '', 1, '474.50', '12.5', '13', '474.5', '474.5', '', '', '', 0, 0, 0, 0, '2015-11-15 06:27:23 am'),
(55, 3, '1425423600', '10', '03', '2015', 0, 0, '2', 0, 0, 0, '', '', '', '8', '8', '47.45', '0', '0', '', '0', '', '0', '', '0', 0, '', '', '', '', '', '', '', '', '', '', 0, '0', '', '', '', 1, '474.50', '12.5', '13', '474.5', '474.5', '', '', '', 0, 0, 0, 0, '2015-11-15 06:27:37 am'),
(56, 3, '1425510000', '10', '03', '2015', 0, 0, '2', 0, 0, 0, '', '', '', '8', '', '0', '0', '0', '', '0', '', '0', '', '0', 0, '', '', '', '', '', '', '', '', '', '', 0, '0', '', '', '', 0, '474.50', '12.5', '13', '474.5', '474.5', '', '', '', 0, 0, 0, 0, '2015-11-15 06:27:47 am'),
(57, 3, '1425596400', '10', '03', '2015', 0, 0, '2', 1, 0, 0, '', '', '', '8', '', '0', '4', '296.5625', '', '0', '', '0', '', '0', 0, '', '', '', '', '', '', '', '', '', '', 0, '0', '', '', '', 0, '474.50', '12.5', '13', '474.5', '474.5', '', '', '', 0, 0, 0, 0, '2015-11-15 06:28:03 am'),
(58, 3, '1425682800', '10', '03', '2015', 0, 0, '2', 1, 0, 0, '', '', '', '8', '8', '47.45', '4', '296.5625', '', '0', '', '0', '', '0', 0, '', '', '', '', '', '', '', '', '', '', 0, '0', '', '', '', 1, '474.50', '12.5', '13', '474.5', '474.5', '', '', '', 0, 0, 0, 0, '2015-11-15 06:28:20 am'),
(76, 0, '', '', '11', '2015', 0, 0, '', 0, 0, 0, '', '', '', '', '', '0', '0', '0', '', '0', '', '0', '', '0', 0, '', '', '', '', '', '', '', '', '', '', 0, '0', '', '', '', 0, '', '0', '0', '0', '0', '', '', '', 0, 0, 0, 0, '2015-11-16 12:20:00 am'),
(99, 3, '1446332400', '45', '11', '2015', 0, 0, '2', 0, 0, 0, '', '', '', '0', '', '0', '0', '0', '', '0', '', '0', '', '0', 0, '', '', '', '', '', '', '', '', '4.5', '354.290625', 0, '0', '', '', '', 0, '272.53125', '7.03125', '7.3125', '0', '354.290625', '', '', '', 0, 0, 1, 0, '2015-11-16 12:49:43 am'),
(100, 3, '1446418800', '45', '11', '2015', 0, 0, '2', 0, 0, 0, '', '', '', '8', '', '0', '0', '0', '', '0', '', '0', '', '0', 0, '', '', '', '', '', '', '', '', '', '', 0, '0', '', '', '', 0, '484.50', '12.5', '13', '484.5', '484.5', '', '', '', 0, 0, 0, 0, '2015-11-16 12:49:49 am'),
(101, 3, '1446591600', '45', '11', '2015', 0, 0, '2', 0, 0, 0, '', '', '', '0', '', '0', '0', '0', '', '0', '', '0', '', '0', 0, '', '', '', '', '', '', '', '', '8', '629.85', 0, '0', '', '', '', 0, '484.50', '12.5', '13', '0', '629.85', '', '', '', 0, 0, 1, 0, '2015-11-16 12:50:00 am'),
(102, 3, '1446678000', '45', '11', '2015', 0, 0, '2', 0, 0, 0, '', '', '', '8', '', '0', '0', '0', '', '0', '', '0', '', '0', 0, '', '', '', '', '', '', '', '', '', '', 0, '0', '', '', '', 0, '484.50', '12.5', '13', '484.5', '484.5', '', '', '', 0, 0, 0, 0, '2015-11-16 12:50:05 am'),
(103, 3, '1446764400', '45', '11', '2015', 0, 0, '2', 0, 0, 0, '', '', '', '8', '', '0', '0', '0', '', '0', '', '0', '', '0', 0, '', '', '', '', '', '', '', '', '', '', 0, '0', '', '', '', 0, '484.50', '12.5', '13', '484.5', '484.5', '', '', '', 0, 0, 0, 0, '2015-11-16 12:50:11 am'),
(104, 3, '1446850800', '45', '11', '2015', 0, 0, '2', 0, 0, 0, '', '', '', '8', '', '0', '0', '0', '', '0', '', '0', '', '0', 0, '', '', '', '', '', '', '', '', '', '', 0, '0', '', '', '', 0, '484.50', '12.5', '13', '484.5', '484.5', '', '', '', 0, 0, 0, 0, '2015-11-16 12:50:16 am'),
(105, 3, '1442700000', '39', '09', '2015', 0, 0, '2', 1, 0, 0, '', '', '', '8', '', '0', '2', '151.40625', '', '0', '', '0', '', '0', 0, '', '', '', '', '', '', '', '', '', '', 0, '0', '', '', '', 0, '484.50', '12.5', '13', '484.5', '484.5', '', '', '', 0, 0, 0, 0, '2015-11-16 01:34:50 am'),
(106, 3, '1442786400', '39', '09', '2015', 0, 0, '2', 0, 0, 0, '', '', '', '8', '', '0', '0', '0', '', '0', '', '0', '', '0', 0, '', '', '', '', '', '', '', '', '', '', 0, '0', '', '', '', 0, '484.50', '12.5', '13', '484.5', '484.5', '', '', '', 0, 0, 0, 0, '2015-11-16 01:35:01 am'),
(107, 3, '1442959200', '39', '09', '2015', 0, 0, '2', 0, 0, 0, '', '', '', '8', '', '0', '0', '0', '', '0', '', '0', '', '0', 0, '', '', '', '', '', '', '', '', '', '', 0, '0', '', '', '', 0, '484.50', '12.5', '13', '484.5', '484.5', '', '', '', 0, 0, 0, 0, '2015-11-16 01:35:12 am'),
(108, 3, '1443045600', '39', '09', '2015', 0, 0, '2', 0, 0, 0, '', '', '', '8', '', '0', '0', '0', '', '0', '', '0', '', '0', 0, '', '', '', '', '', '', '', '', '', '', 0, '0', '', '', '', 0, '484.50', '12.5', '13', '484.5', '484.5', '', '', '', 0, 0, 0, 0, '2015-11-16 01:35:20 am'),
(109, 3, '1443132000', '39', '09', '2015', 0, 0, '2', 0, 0, 0, '', '', '', '0', '', '0', '0', '0', '', '0', '', '0', '', '0', 0, '', '', '8', '', '', '969', '', '', '', '', 0, '0', '', '', '', 0, '484.50', '25', '26', '0', '969', '', '', '', 0, 0, 1, 1, '2015-11-16 01:35:27 am'),
(110, 3, '1443218400', '39', '09', '2015', 0, 0, '2', 0, 0, 0, '', '', '', '8', '', '0', '0', '0', '', '0', '', '0', '', '0', 0, '', '', '', '', '', '', '', '', '', '', 0, '0', '', '', '', 0, '484.50', '12.5', '13', '484.5', '484.5', '', '', '', 0, 0, 0, 0, '2015-11-16 01:35:33 am'),
(112, 6, '1442786400', '39', '09', '2015', 0, 0, '2', 0, 0, 0, '', '', '', '8', '', '0', '0', '0', '', '0', '', '0', '', '0', 0, '', '', '', '', '', '', '', '', '', '', 0, '0', '', '', '', 0, '484.50', '12.5', '13', '484.5', '484.5', '', '', '', 0, 0, 0, 0, '2015-11-16 01:40:29 am'),
(113, 6, '1442872800', '39', '09', '2015', 0, 0, '2', 0, 0, 0, '', '', '', '8', '', '0', '0', '0', '', '0', '', '0', '', '0', 0, '', '', '', '', '', '', '', '', '', '', 0, '0', '', '', '', 0, '484.50', '12.5', '13', '484.5', '484.5', '', '', '', 0, 0, 0, 0, '2015-11-16 01:40:41 am'),
(114, 6, '1442959200', '39', '09', '2015', 0, 0, '2', 0, 0, 0, '', '', '', '8', '', '0', '0', '0', '', '0', '', '0', '', '0', 0, '', '', '', '', '', '', '', '', '', '', 0, '0', '', '', '', 0, '484.50', '12.5', '13', '484.5', '484.5', '', '', '', 0, 0, 0, 0, '2015-11-16 01:41:03 am'),
(115, 6, '1443045600', '39', '09', '2015', 0, 0, '2', 0, 0, 0, '', '', '', '8', '', '0', '0', '0', '', '0', '', '0', '', '0', 0, '', '', '', '', '', '', '', '', '', '', 0, '0', '', '', '', 0, '484.50', '12.5', '13', '484.5', '484.5', '', '', '', 0, 0, 0, 0, '2015-11-16 01:41:10 am'),
(118, 6, '1443218400', '39', '09', '2015', 0, 0, '2', 1, 0, 0, '', '', '', '8', '', '0', '4', '302.8125', '', '0', '', '0', '', '0', 0, '', '', '', '', '', '', '', '', '', '', 0, '0', '', '', '', 0, '484.50', '12.5', '13', '484.5', '484.5', '', '', '', 0, 0, 0, 0, '2015-11-16 01:45:25 am'),
(133, 6, '1443132000', '39', '09', '2015', 0, 0, '2', 0, 0, 0, '', '', '', '0', '', '0', '0', '0', '', '0', '', '0', '', '0', 0, '', '', '8', '', '', '969', '', '', '', '', 0, '0', '', '', '', 0, '484.50', '25', '26', '0', '969', '', '', '', 0, 0, 1, 1, '2015-11-19 01:14:00 am'),
(135, 6, '1443304800', '40', '09', '2015', 0, 0, '2', 1, 0, 0, '', '', '', '0', '', '0', '4', '409.4025', '', '0', '', '0', '8', '629.85', 0, '', '', '', '', '', '', '', '', '', '', 0, '0', '', '', '', 0, '629.85', '0', '0', '0', '629.85', '', '', '', 0, 1, 0, 0, '2015-11-19 01:37:40 am'),
(139, 21, '1453762800', '04', '01', '2016', 0, 0, '2', 1, 0, 0, '', '', '', '8', '8', '48.45', '4', '302.8125', '', '0', '', '0', '', '0', 0, '', '', '', '', '', '', '', '', '', '', 0, '0', '', '', '', 1, '484.50', '12.5', '13', '484.5', '484.5', '', '', '', 0, 0, 0, 0, '2016-02-03 01:15:15 am'),
(140, 21, '1453849200', '04', '01', '2016', 0, 0, '2', 1, 0, 0, '', '', '', '8', '8', '48.45', '4', '302.8125', '', '0', '', '0', '', '0', 0, '', '', '', '', '', '', '', '', '', '', 0, '0', '', '', '', 1, '484.50', '12.5', '13', '484.5', '484.5', '', '', '', 0, 0, 0, 0, '2016-02-03 01:15:28 am'),
(141, 21, '1453935600', '04', '01', '2016', 0, 0, '2', 0, 0, 0, '', '', '', '8', '', '0', '0', '0', '', '0', '', '0', '', '0', 0, '', '', '', '', '', '', '', '', '', '', 0, '0', '', '', '', 0, '484.50', '12.5', '13', '484.5', '484.5', '', '', '', 0, 0, 0, 0, '2016-02-03 01:15:39 am'),
(142, 21, '1454108400', '04', '01', '2016', 0, 0, '2', 0, 0, 0, '', '', '', '8', '', '0', '0', '0', '', '0', '', '0', '', '0', 0, '', '', '', '', '', '', '', '', '', '', 0, '0', '', '', '', 0, '484.50', '12.5', '13', '484.5', '484.5', '', '', '', 0, 0, 0, 0, '2016-02-03 01:18:53 am'),
(143, 21, '1453590000', '04', '01', '2016', 0, 0, '2', 0, 0, 0, '', '', '', '0', '', '0', '0', '0', '', '0', '', '0', '', '0', 0, '', '', '', '', '', '', '', '', '8', '629.85', 0, '0', '', '', '', 0, '484.50', '12.5', '13', '0', '0', '', '', '', 0, 0, 1, 0, '2016-02-03 01:21:23 am'),
(147, 21, '1453676400', '04', '01', '2016', 0, 0, '2', 1, 0, 0, '', '', '', '0', '', '0', '0', '0', '', '0', '', '0', '', '0', 0, '', '', '8', '4', '629.85', '969', '', '', '', '', 0, '0', '', '', '', 0, '484.50', '25', '26', '0', '0', '', '', '', 0, 0, 1, 1, '2016-02-03 01:54:56 am'),
(148, 24, '1458428400', '12', '03', '2016', 0, 0, '8', 0, 0, 0, '', '', '', '8', '', '0', '0', '0', '', '0', '', '0', '', '0', 0, '', '', '', '', '', '', '', '', '', '', 0, '0', '', '', '', 0, '291', '12.5', '13', '291', '291', '', '', '', 0, 0, 0, 0, '2016-05-06 08:50:07 pm'),
(149, 24, '1458514800', '12', '03', '2016', 0, 0, '8', 0, 0, 0, '', '', '', '8', '', '0', '0', '0', '', '0', '', '0', '', '0', 0, '', '', '', '', '', '', '', '', '', '', 0, '0', '', '', '', 0, '291', '12.5', '13', '291', '291', '', '', '', 0, 0, 0, 0, '2016-05-06 08:50:22 pm'),
(150, 24, '1458601200', '12', '03', '2016', 0, 0, '8', 0, 0, 0, '', '', '', '8', '', '0', '0', '0', '', '0', '', '0', '', '0', 0, '', '', '', '', '', '', '', '', '', '', 0, '0', '', '', '', 0, '291', '12.5', '13', '291', '291', '', '', '', 0, 0, 0, 0, '2016-05-06 08:50:33 pm'),
(151, 24, '1458687600', '12', '03', '2016', 0, 0, '8', 0, 0, 0, '', '', '', '8', '', '0', '0', '0', '', '0', '', '0', '', '0', 0, '', '', '', '', '', '', '', '', '', '', 0, '0', '', '', '', 0, '291', '12.5', '13', '291', '291', '', '', '', 0, 0, 0, 0, '2016-05-06 08:50:46 pm'),
(153, 24, '1458774000', '12', '03', '2016', 0, 0, '8', 0, 0, 0, '', '', '', '0', '', '0', '0', '0', '', '0', '', '0', '', '0', 0, '', '', '8', '', '', '582', '', '', '', '', 0, '0', '', '', '', 0, '291', '25', '26', '0', '0', '', '', '', 0, 0, 1, 1, '2016-05-06 08:59:29 pm'),
(155, 24, '1458860400', '12', '03', '2016', 0, 0, '8', 0, 0, 0, '', '', '', '0', '', '0', '0', '0', '', '0', '', '0', '0', '0', 1, '', '', '', '', '', '0', '8', '291', '', '', 0, '0', '', '', '', 0, '291', '12.5', '13', '0', '0', '', '', '', 0, 1, 1, 1, '2016-05-06 09:03:20 pm'),
(156, 25, '1458428400', '12', '03', '2016', 0, 0, '8', 0, 0, 0, '', '', '', '8', '', '0', '0', '0', '', '0', '', '0', '', '0', 0, '', '', '', '', '', '', '', '', '', '', 0, '0', '', '', '', 0, '291', '12.5', '13', '291', '291', '', '', '', 0, 0, 0, 0, '2016-05-06 09:04:56 pm'),
(157, 25, '1458514800', '12', '03', '2016', 0, 0, '8', 0, 0, 0, '', '', '', '6', '', '0', '0', '0', '', '0', '', '0', '', '0', 0, '', '', '', '', '', '', '', '', '', '', 0, '0', '', '', '', 0, '291', '9.375', '9.75', '218.25', '218.25', '', '', '', 0, 0, 0, 0, '2016-05-06 09:05:23 pm'),
(161, 25, '1458946800', '12', '03', '2016', 0, 0, '8', 0, 0, 0, '', '', '', '0', '', '0', '0', '0', '', '0', '', '0', '', '0', 0, '', '', '', '', '', '', '', '', '8', '378.3', 0, '0', '', '', '', 0, '291', '12.5', '13', '0', '0', '', '', '', 0, 0, 1, 0, '2016-05-06 09:09:18 pm'),
(163, 25, '1458774000', '12', '03', '2016', 0, 0, '8', 0, 0, 0, '', '', '', '0', '', '0', '0', '0', '', '0', '', '0', '', '0', 0, '', '', '8', '', '', '582', '', '', '', '', 0, '0', '', '', '', 0, '291', '25', '26', '0', '0', '', '', '', 0, 0, 1, 1, '2016-05-06 09:12:36 pm'),
(165, 25, '1458860400', '12', '03', '2016', 0, 0, '8', 0, 0, 0, '', '', '', '0', '', '0', '0', '0', '', '0', '', '0', '0', '0', 1, '', '', '', '', '', '0', '8', '291', '', '', 0, '0', '', '', '', 0, '291', '12.5', '13', '0', '0', '', '', '', 0, 1, 1, 1, '2016-05-06 09:12:52 pm'),
(173, 27, '1458428400', '12', '03', '2016', 0, 0, '8', 0, 0, 0, '', '', '', '8', '', '0', '0', '0', '', '0', '', '0', '', '0', 0, '', '', '', '', '', '', '', '', '', '', 0, '0', '', '', '', 0, '291', '12.5', '13', '291', '291', '', '', '', 0, 0, 0, 0, '2016-05-06 10:06:19 pm'),
(174, 29, '1458428400', '12', '03', '2016', 0, 0, '8', 0, 0, 0, '', '', '', '8', '8', '29.1', '0', '0', '', '0', '', '0', '', '0', 0, '', '', '', '', '', '', '', '', '', '', 0, '0', '', '', '', 1, '291', '12.5', '13', '291', '291', '', '', '', 0, 0, 0, 0, '2016-05-06 10:06:58 pm'),
(175, 30, '1458428400', '12', '03', '2016', 0, 0, '8', 0, 0, 0, '', '', '', '8', '', '0', '0', '0', '', '0', '', '0', '', '0', 0, '', '', '', '', '', '', '', '', '', '', 0, '0', '', '', '', 0, '291', '12.5', '13', '291', '291', '', '', '', 0, 0, 0, 0, '2016-05-06 10:07:20 pm'),
(176, 27, '1458514800', '12', '03', '2016', 0, 0, '8', 0, 0, 0, '', '', '', '8', '', '0', '0', '0', '', '0', '', '0', '', '0', 0, '', '', '', '', '', '', '', '', '', '', 0, '0', '', '', '', 0, '291', '12.5', '13', '291', '291', '', '', '', 0, 0, 0, 0, '2016-05-06 10:07:48 pm'),
(177, 28, '1458514800', '12', '03', '2016', 0, 0, '8', 0, 0, 0, '', '', '', '8', '', '0', '0', '0', '', '0', '', '0', '', '0', 0, '', '', '', '', '', '', '', '', '', '', 0, '0', '', '', '', 0, '291', '12.5', '13', '291', '291', '', '', '', 0, 0, 0, 0, '2016-05-06 10:08:44 pm'),
(178, 29, '1458514800', '12', '03', '2016', 0, 0, '8', 0, 0, 0, '', '', '', '8', '', '0', '0', '0', '', '0', '', '0', '', '0', 0, '', '', '', '', '', '', '', '', '', '', 0, '0', '', '', '', 0, '291', '12.5', '13', '291', '291', '', '', '', 0, 0, 0, 0, '2016-05-06 10:09:01 pm'),
(179, 30, '1458514800', '12', '03', '2016', 0, 0, '8', 0, 0, 0, '', '', '', '8', '', '0', '0', '0', '', '0', '', '0', '', '0', 0, '', '', '', '', '', '', '', '', '', '', 0, '0', '', '', '', 0, '291', '12.5', '13', '291', '291', '', '', '', 0, 0, 0, 0, '2016-05-06 10:09:11 pm'),
(180, 28, '1458601200', '12', '03', '2016', 0, 0, '8', 0, 0, 0, '', '', '', '8', '', '0', '0', '0', '', '0', '', '0', '', '0', 0, '', '', '', '', '', '', '', '', '', '', 0, '0', '', '', '', 0, '291', '12.5', '13', '291', '291', '', '', '', 0, 0, 0, 0, '2016-05-06 10:09:31 pm'),
(181, 29, '1458601200', '12', '03', '2016', 0, 0, '8', 0, 0, 0, '', '', '', '8', '', '0', '0', '0', '', '0', '', '0', '', '0', 0, '', '', '', '', '', '', '', '', '', '', 0, '0', '', '', '', 0, '291', '12.5', '13', '291', '291', '', '', '', 0, 0, 0, 0, '2016-05-06 10:09:44 pm'),
(182, 30, '1458601200', '12', '03', '2016', 0, 0, '8', 0, 0, 0, '', '', '', '8', '', '0', '0', '0', '', '0', '', '0', '', '0', 0, '', '', '', '', '', '', '', '', '', '', 0, '0', '', '', '', 0, '291', '12.5', '13', '291', '291', '', '', '', 0, 0, 0, 0, '2016-05-06 10:09:58 pm'),
(183, 27, '1458687600', '12', '03', '2016', 0, 0, '8', 0, 0, 0, '', '', '', '8', '', '0', '0', '0', '', '0', '', '0', '', '0', 0, '', '', '', '', '', '', '', '', '', '', 0, '0', '', '', '', 0, '291', '12.5', '13', '291', '291', '', '', '', 0, 0, 0, 0, '2016-05-06 10:10:24 pm'),
(184, 28, '1458687600', '12', '03', '2016', 0, 0, '8', 0, 0, 0, '', '', '', '8', '', '0', '0', '0', '', '0', '', '0', '', '0', 0, '', '', '', '', '', '', '', '', '', '', 0, '0', '', '', '', 0, '291', '12.5', '13', '291', '291', '', '', '', 0, 0, 0, 0, '2016-05-06 10:10:42 pm'),
(185, 29, '1458687600', '12', '03', '2016', 0, 0, '8', 0, 0, 0, '', '', '', '8', '', '0', '0', '0', '', '0', '', '0', '', '0', 0, '', '', '', '', '', '', '', '', '', '', 0, '0', '', '', '', 0, '291', '12.5', '13', '291', '291', '', '', '', 0, 0, 0, 0, '2016-05-06 10:10:57 pm'),
(187, 28, '1458774000', '12', '03', '2016', 0, 0, '8', 0, 0, 0, '', '', '', '0', '', '0', '0', '0', '', '0', '', '0', '', '0', 0, '', '', '8', '', '', '582', '', '', '', '', 0, '0', '', '', '', 0, '291', '25', '26', '0', '0', '', '', '', 0, 0, 1, 1, '2016-05-06 10:11:32 pm'),
(188, 29, '1458774000', '12', '03', '2016', 0, 0, '8', 0, 0, 0, '', '', '', '0', '', '0', '0', '0', '', '0', '', '0', '', '0', 0, '', '', '8', '', '', '582', '', '', '', '', 0, '0', '', '', '', 0, '291', '25', '26', '0', '0', '', '', '', 0, 0, 1, 1, '2016-05-06 10:11:42 pm'),
(189, 30, '1458774000', '12', '03', '2016', 0, 0, '8', 0, 0, 0, '', '', '', '0', '', '0', '0', '0', '', '0', '', '0', '', '0', 0, '', '', '8', '', '', '582', '', '', '', '', 0, '0', '', '', '', 0, '291', '25', '26', '0', '0', '', '', '', 0, 0, 1, 1, '2016-05-06 10:11:55 pm'),
(191, 29, '1458860400', '12', '03', '2016', 0, 0, '8', 0, 0, 0, '', '', '', '0', '', '0', '0', '0', '', '0', '', '0', '0', '0', 1, '', '', '', '', '', '0', '8', '291', '', '', 0, '0', '', '', '', 0, '291', '12.5', '13', '0', '0', '', '', '', 0, 1, 1, 1, '2016-05-06 10:13:10 pm'),
(195, 29, '1458946800', '12', '03', '2016', 0, 0, '8', 0, 0, 0, '', '', '', '0', '', '0', '0', '0', '', '0', '', '0', '', '0', 0, '', '', '', '', '', '', '', '', '8', '378.3', 0, '0', '', '', '', 0, '291', '12.5', '13', '0', '0', '', '', '', 0, 0, 1, 0, '2016-05-06 10:14:25 pm'),
(199, 30, '1458946800', '12', '03', '2016', 0, 0, '8', 0, 0, 0, '', '', '', '0', '', '0', '0', '0', '', '0', '', '0', '', '0', 0, '', '', '', '', '', '', '', '', '8', '378.3', 0, '0', '', '', '', 0, '291', '12.5', '13', '0', '0', '', '', '', 0, 0, 1, 0, '2016-05-06 10:22:38 pm'),
(200, 30, '1458687600', '12', '03', '2016', 0, 0, '8', 0, 0, 0, '', '', '', '8', '', '0', '0', '0', '', '0', '', '0', '', '0', 0, '', '', '', '', '', '', '', '', '', '', 0, '0', '', '', '', 0, '291', '12.5', '13', '291', '291', '', '', '', 0, 0, 0, 0, '2016-05-06 10:26:25 pm'),
(201, 30, '1458860400', '12', '03', '2016', 0, 0, '8', 0, 0, 0, '', '', '', '0', '', '0', '0', '0', '', '0', '', '0', '0', '0', 1, '', '', '', '', '', '0', '8', '291', '', '', 0, '0', '', '', '', 0, '291', '12.5', '13', '0', '0', '', '', '', 0, 1, 1, 1, '2016-05-06 10:26:41 pm'),
(202, 28, '1458860400', '12', '03', '2016', 0, 0, '8', 0, 0, 0, '', '', '', '0', '', '0', '0', '0', '', '0', '', '0', '0', '0', 1, '', '', '8', '', '', '0', '8', '291', '', '', 0, '0', '', '', '', 0, '291', '12.5', '13', '0', '0', '', '', '', 0, 0, 1, 1, '2016-05-06 10:29:04 pm'),
(203, 28, '1458946800', '12', '03', '2016', 0, 0, '8', 0, 0, 0, '', '', '', '0', '', '0', '0', '0', '', '0', '', '0', '', '0', 0, '', '', '', '', '', '', '', '', '8', '378.3', 0, '0', '', '', '', 0, '291', '12.5', '13', '0', '0', '', '', '', 0, 0, 1, 0, '2016-05-06 10:29:23 pm'),
(204, 27, '1458946800', '12', '03', '2016', 0, 0, '8', 0, 0, 0, '', '', '', '0', '', '0', '0', '0', '', '0', '', '0', '', '0', 0, '', '', '', '', '', '', '', '', '8', '378.3', 0, '0', '', '', '', 0, '291', '12.5', '13', '0', '0', '', '', '', 0, 0, 1, 0, '2016-05-06 10:30:42 pm'),
(205, 27, '1458774000', '12', '03', '2016', 0, 0, '8', 0, 0, 0, '', '', '', '0', '', '0', '0', '0', '', '0', '', '0', '0', '0', 1, '', '', '8', '', '', '0', '8', '291', '', '', 0, '0', '', '', '', 0, '291', '12.5', '13', '0', '0', '', '', '', 0, 0, 1, 1, '2016-05-06 10:33:35 pm'),
(206, 27, '1458860400', '12', '03', '2016', 0, 0, '8', 0, 0, 0, '', '', '', '0', '', '0', '0', '0', '', '0', '', '0', '0', '0', 1, '', '', '8', '', '', '0', '8', '291', '', '', 0, '0', '', '', '', 0, '291', '12.5', '13', '0', '0', '', '', '', 0, 0, 1, 1, '2016-05-06 10:34:06 pm'),
(210, 25, '1458687600', '12', '03', '2016', 0, 0, '8', 0, 0, 0, '', '', '', '8', '', '0', '0', '0', '', '0', '', '0', '', '0', 0, '', '', '', '', '', '', '', '', '', '', 0, '0', '', '', '', 0, '291', '12.5', '13', '291', '291', '', '', '', 0, 0, 0, 0, '2016-05-06 10:49:16 pm'),
(225, 26, '1458514800', '12', '03', '2016', 0, 0, '8', 0, 0, 0, '', '', '', '8', '', '0', '0', '0', '', '0', '', '0', '', '0', 0, '', '', '', '', '', '', '', '', '', '', 0, '0', '', '', '', 0, '291', '12.5', '13', '291', '291', '', '', '', 0, 0, 0, 0, '2016-05-06 11:12:16 pm'),
(227, 26, '1458687600', '12', '03', '2016', 0, 0, '8', 0, 0, 0, '', '', '', '8', '', '0', '0', '0', '', '0', '', '0', '', '0', 0, '', '', '', '', '', '', '', '', '', '', 0, '0', '', '', '', 0, '291', '12.5', '13', '291', '291', '', '', '', 0, 0, 0, 0, '2016-05-06 11:12:51 pm'),
(228, 26, '1458774000', '12', '03', '2016', 0, 0, '8', 0, 0, 0, '', '', '', '0', '', '0', '0', '0', '', '0', '', '0', '', '0', 0, '', '', '8', '', '', '582', '', '', '', '', 0, '0', '', '', '', 0, '291', '25', '26', '0', '0', '', '', '', 0, 0, 1, 1, '2016-05-06 11:13:07 pm'),
(229, 26, '1458860400', '12', '03', '2016', 0, 0, '8', 0, 0, 0, '', '', '', '0', '', '0', '0', '0', '', '0', '', '0', '0', '0', 1, '', '', '', '', '', '0', '8', '291', '', '', 0, '0', '', '', '', 0, '291', '12.5', '13', '0', '0', '', '', '', 0, 1, 1, 1, '2016-05-06 11:13:32 pm'),
(230, 26, '1458946800', '12', '03', '2016', 0, 0, '8', 0, 0, 0, '', '', '', '0', '', '0', '0', '0', '', '0', '', '0', '', '0', 0, '', '', '', '', '', '', '', '', '8', '378.3', 0, '0', '', '', '', 0, '291', '12.5', '13', '0', '0', '', '', '', 0, 0, 1, 0, '2016-05-06 11:13:50 pm'),
(231, 26, '1458428400', '12', '03', '2016', 0, 0, '8', 0, 0, 0, '', '', '', '8', '', '0', '0', '0', '', '0', '', '0', '', '0', 0, '', '', '', '', '', '', '', '', '', '', 0, '0', '', '', '', 0, '291', '12.5', '13', '291', '291', '', '', '', 0, 0, 0, 0, '2016-05-06 11:25:26 pm'),
(232, 26, '1458601200', '12', '03', '2016', 0, 0, '8', 0, 0, 0, '', '', '', '8', '', '0', '0', '0', '', '0', '', '0', '', '0', 0, '', '', '', '', '', '', '', '', '', '', 0, '0', '', '', '', 0, '291', '12.5', '13', '291', '291', '', '', '', 0, 0, 0, 0, '2016-05-06 11:48:51 pm'),
(233, 3, '1458428400', '12', '03', '2016', 0, 0, '2', 0, 0, 0, '', '', '', '8', '', '0', '0', '0', '', '0', '', '0', '', '0', 0, '', '', '', '', '', '', '', '', '', '', 0, '0', '', '', '', 0, '484.50', '12.5', '13', '484.5', '484.5', '', '', '', 0, 0, 0, 0, '2016-05-12 05:07:06 am'),
(234, 3, '1458514800', '12', '03', '2016', 0, 0, '2', 0, 0, 0, '', '', '', '8', '', '0', '0', '0', '', '0', '', '0', '', '0', 0, '', '', '', '', '', '', '', '', '', '', 0, '0', '', '', '', 0, '484.50', '12.5', '13', '484.5', '484.5', '', '', '', 0, 0, 0, 0, '2016-05-12 05:07:13 am'),
(235, 3, '1458687600', '12', '03', '2016', 0, 0, '2', 0, 0, 0, '', '', '', '8', '', '0', '0', '0', '', '0', '', '0', '', '0', 0, '', '', '', '', '', '', '', '', '', '', 0, '0', '', '', '', 0, '484.50', '12.5', '13', '484.5', '484.5', '', '', '', 0, 0, 0, 0, '2016-05-12 05:07:26 am'),
(236, 3, '1458774000', '12', '03', '2016', 0, 0, '2', 0, 0, 0, '', '', '', '0', '', '0', '0', '0', '', '0', '', '0', '', '0', 0, '', '', '8', '', '', '969', '', '', '', '', 0, '0', '', '', '', 0, '484.50', '25', '26', '0', '0', '', '', '', 0, 0, 1, 1, '2016-05-12 05:07:33 am'),
(237, 3, '1458860400', '12', '03', '2016', 0, 0, '2', 0, 0, 0, '', '', '', '0', '', '0', '0', '0', '', '0', '', '0', '0', '0', 1, '', '', '8', '', '', '0', '8', '484.50', '', '', 0, '0', '', '', '', 0, '484.50', '12.5', '13', '0', '0', '', '', '', 0, 0, 1, 1, '2016-05-12 05:07:47 am'),
(238, 3, '1458946800', '12', '03', '2016', 0, 0, '2', 0, 0, 0, '', '', '', '0', '', '0', '0', '0', '', '0', '', '0', '', '0', 0, '', '', '', '', '', '', '', '', '8', '629.85', 0, '0', '', '', '', 0, '484.50', '12.5', '13', '0', '0', '', '', '', 0, 0, 1, 0, '2016-05-12 05:07:55 am'),
(239, 3, '1483225200', '53', '01', '2016', 0, 0, '2', 0, 0, 0, '', '', '', '8', '', '0', '0', '0', '', '0', '', '0', '', '0', 0, '', '', '', '', '', '', '', '', '', '', 0, '0', '', '', '', 0, '484.50', '12.5', '13', '484.5', '484.5', '', '', '', 0, 0, 0, 0, '2016-11-17 07:21:04 am');

-- --------------------------------------------------------

--
-- Table structure for table `ceilings`
--

CREATE TABLE IF NOT EXISTS `ceilings` (
  `id` int(1) NOT NULL AUTO_INCREMENT,
  `ciel` int(99) NOT NULL,
  PRIMARY KEY (`id`)
) ENGINE=InnoDB  DEFAULT CHARSET=latin1 AUTO_INCREMENT=2 ;

--
-- Dumping data for table `ceilings`
--

INSERT INTO `ceilings` (`id`, `ciel`) VALUES
(1, 100);

-- --------------------------------------------------------

--
-- Table structure for table `deductions`
--

CREATE TABLE IF NOT EXISTS `deductions` (
  `id` int(99) NOT NULL AUTO_INCREMENT,
  `user_id` int(99) NOT NULL,
  `day` varchar(99) NOT NULL,
  `week` int(99) NOT NULL,
  `month` int(99) NOT NULL,
  `year` int(99) NOT NULL,
  `sss` varchar(99) NOT NULL,
  `philhealth` varchar(99) NOT NULL,
  `pagibig` varchar(99) NOT NULL,
  PRIMARY KEY (`id`)
) ENGINE=InnoDB  DEFAULT CHARSET=latin1 AUTO_INCREMENT=33 ;

--
-- Dumping data for table `deductions`
--

INSERT INTO `deductions` (`id`, `user_id`, `day`, `week`, `month`, `year`, `sss`, `philhealth`, `pagibig`) VALUES
(1, 18, '', 1, 1, 2015, '80', '25', '38.4'),
(2, 3, '', 6, 2, 2015, '90', '50', '56.94'),
(3, 18, '', 6, 2, 2015, '80', '25', '38.4'),
(4, 3, '', 7, 2, 2015, '90', '50', '56.94'),
(5, 18, '', 7, 2, 2015, '80', '25', '38.4'),
(6, 3, '', 8, 2, 2015, '90', '50', '56.94'),
(7, 18, '', 8, 2, 2015, '80', '25', '38.4'),
(8, 3, '', 9, 2, 2015, '85', '25', '47.45'),
(9, 18, '', 9, 2, 2015, '75', '25', '32'),
(10, 3, '', 10, 3, 2015, '90', '50', '56.94'),
(11, 3, '', 45, 11, 2015, '90', '50', '38.76'),
(12, 3, '', 39, 9, 2015, '90', '50', '48.45'),
(13, 6, '', 39, 9, 2015, '90', '50', '48.45'),
(14, 6, '', 40, 9, 2015, '20', '25', '0'),
(15, 21, '', 4, 1, 2016, '90', '50', '38.76'),
(16, 24, '', 12, 3, 2016, '85', '25', '23.28'),
(17, 25, '', 12, 3, 2016, '85', '25', '16.005'),
(19, 27, '', 12, 3, 2016, '75', '25', '17.46'),
(22, 28, '', 12, 3, 2016, '85', '25', '17.46'),
(28, 26, '', 12, 3, 2016, '90', '25', '23.28'),
(29, 29, '', 12, 3, 2016, '90', '25', '23.28'),
(30, 30, '', 12, 3, 2016, '90', '25', '23.28'),
(31, 3, '', 12, 3, 2016, '100', '50', '29.07'),
(32, 3, '', 53, 1, 2016, '30', '25', '9.69');

-- --------------------------------------------------------

--
-- Table structure for table `departments`
--

CREATE TABLE IF NOT EXISTS `departments` (
  `id` int(99) NOT NULL AUTO_INCREMENT,
  `name` varchar(255) NOT NULL,
  `status` int(1) NOT NULL DEFAULT '1',
  `date_added` varchar(255) NOT NULL,
  PRIMARY KEY (`id`)
) ENGINE=InnoDB  DEFAULT CHARSET=latin1 AUTO_INCREMENT=4 ;

--
-- Dumping data for table `departments`
--

INSERT INTO `departments` (`id`, `name`, `status`, `date_added`) VALUES
(1, 'SPD DEPT.', 1, ''),
(2, 'DCN-FINISHING DEPT.', 1, ''),
(3, 'DRILLING DEPT.', 1, '');

-- --------------------------------------------------------

--
-- Table structure for table `holidays`
--

CREATE TABLE IF NOT EXISTS `holidays` (
  `id` int(99) NOT NULL AUTO_INCREMENT,
  `name` varchar(99) NOT NULL,
  `date` varchar(99) NOT NULL,
  `is_legal` int(1) NOT NULL DEFAULT '0',
  `is_special` int(1) NOT NULL,
  `date_added` varchar(99) NOT NULL,
  PRIMARY KEY (`id`)
) ENGINE=InnoDB  DEFAULT CHARSET=latin1 AUTO_INCREMENT=21 ;

--
-- Dumping data for table `holidays`
--

INSERT INTO `holidays` (`id`, `name`, `date`, `is_legal`, `is_special`, `date_added`) VALUES
(3, 'National Day', '1424991600', 1, 0, '2015-02-27 03:28:07 am'),
(4, 'Labor Day', '1428184800', 0, 1, '2015-03-20 10:19:47 pm'),
(5, 'leg hold', '1420930800', 1, 0, '2015-03-21 11:48:20 pm'),
(6, 'last hold', '1421017200', 1, 0, '2015-03-21 11:49:06 pm'),
(7, 'spec hold', '1421190000', 0, 1, '2015-03-21 11:49:22 pm'),
(8, 'Labor Day', '1428876000', 1, 0, '2015-05-15 07:56:41 am'),
(9, 'bryan birthday', '1441922400', 1, 0, '2015-08-04 01:56:17 am'),
(10, 'Quezon Day', '1439935200', 0, 1, '2015-09-01 01:17:04 am'),
(11, 'Aquino Day', '1440108000', 0, 1, '2015-09-01 01:17:35 am'),
(12, 'National Heroes Day', '1440972000', 1, 0, '2015-09-10 12:41:29 am'),
(13, 'All Saints Day', '1446332400', 0, 1, '2015-11-15 11:43:30 pm'),
(14, 'Hermano Puli', '1446591600', 0, 1, '2015-11-15 11:43:48 pm'),
(15, 'End of Ramadan', '1443132000', 1, 0, '2015-11-16 01:33:49 am'),
(16, 'Chrismast Day', '1453676400', 1, 0, '2016-02-03 01:09:23 am'),
(17, 'Chrismast Eve', '1453590000', 0, 1, '2016-02-03 01:10:49 am'),
(18, 'Legal 1', '1458774000', 1, 0, '2016-05-06 08:21:39 pm'),
(19, 'Legal 2', '1458860400', 1, 0, '2016-05-06 08:22:11 pm'),
(20, 'Special', '1458946800', 0, 1, '2016-05-06 08:22:47 pm');

-- --------------------------------------------------------

--
-- Table structure for table `loans`
--

CREATE TABLE IF NOT EXISTS `loans` (
  `id` int(99) NOT NULL AUTO_INCREMENT,
  `user_id` int(99) NOT NULL,
  `sss_loan` varchar(99) NOT NULL,
  `calamity_loan` varchar(99) NOT NULL,
  `pagibig_loan` varchar(99) NOT NULL,
  `totalsss_loan` varchar(99) NOT NULL,
  `totalpagibig_loan` varchar(99) NOT NULL,
  `totalcalamity_loan` varchar(99) NOT NULL,
  `advance` varchar(99) NOT NULL,
  `date_added` varchar(99) NOT NULL,
  PRIMARY KEY (`id`)
) ENGINE=InnoDB  DEFAULT CHARSET=latin1 AUTO_INCREMENT=4 ;

--
-- Dumping data for table `loans`
--

INSERT INTO `loans` (`id`, `user_id`, `sss_loan`, `calamity_loan`, `pagibig_loan`, `totalsss_loan`, `totalpagibig_loan`, `totalcalamity_loan`, `advance`, `date_added`) VALUES
(1, 18, '30', '50', '10', '30', '50', '10', '100', '2015-02-14 03:04:15 am'),
(2, 18, '35', '40', '60', '35', '40', '60', '150', '2015-02-15 03:04:15 am'),
(3, 3, '0', '7333.78', '0', '0', '0', '7652.64', '', '2015-11-16 12:49:06 am');

-- --------------------------------------------------------

--
-- Table structure for table `mdeductions`
--

CREATE TABLE IF NOT EXISTS `mdeductions` (
  `id` int(11) NOT NULL AUTO_INCREMENT,
  `user_id` int(11) NOT NULL,
  `month` int(11) NOT NULL,
  `year` int(11) NOT NULL,
  `gross` int(11) NOT NULL,
  `basic_income` int(11) NOT NULL,
  `sss` int(11) NOT NULL,
  `sss_msc` varchar(99) NOT NULL,
  `sss_ecc` varchar(99) NOT NULL,
  `sss_ee` int(11) NOT NULL,
  `sss_er` int(11) NOT NULL,
  `sss_total` int(11) NOT NULL,
  `philhealth` int(11) NOT NULL,
  `phil_ee` int(11) NOT NULL,
  `phil_er` int(11) NOT NULL,
  `phil_msc` int(11) NOT NULL,
  `phil_total` int(11) NOT NULL,
  PRIMARY KEY (`id`)
) ENGINE=InnoDB  DEFAULT CHARSET=latin1 AUTO_INCREMENT=2 ;

--
-- Dumping data for table `mdeductions`
--

INSERT INTO `mdeductions` (`id`, `user_id`, `month`, `year`, `gross`, `basic_income`, `sss`, `sss_msc`, `sss_ecc`, `sss_ee`, `sss_er`, `sss_total`, `philhealth`, `phil_ee`, `phil_er`, `phil_msc`, `phil_total`) VALUES
(1, 3, 1, 2016, 510, 0, 0, '3500', '10', 127, 268, 395, 0, 100, 100, 8000, 200);

-- --------------------------------------------------------

--
-- Table structure for table `ot_exccesses`
--

CREATE TABLE IF NOT EXISTS `ot_exccesses` (
  `id` int(99) NOT NULL AUTO_INCREMENT,
  `user_id` int(99) NOT NULL,
  `hours_work` varchar(255) NOT NULL,
  `per_hour` varchar(255) NOT NULL,
  `ot_hours` varchar(99) NOT NULL,
  `ot_pay` varchar(99) NOT NULL,
  `cola` varchar(255) NOT NULL,
  `sea` varchar(255) NOT NULL,
  `date` varchar(99) NOT NULL,
  `week` varchar(99) NOT NULL,
  `month` varchar(99) NOT NULL,
  `year` varchar(99) NOT NULL,
  `date_added` varchar(255) NOT NULL,
  PRIMARY KEY (`id`)
) ENGINE=InnoDB  DEFAULT CHARSET=latin1 AUTO_INCREMENT=20 ;

--
-- Dumping data for table `ot_exccesses`
--

INSERT INTO `ot_exccesses` (`id`, `user_id`, `hours_work`, `per_hour`, `ot_hours`, `ot_pay`, `cola`, `sea`, `date`, `week`, `month`, `year`, `date_added`) VALUES
(12, 6, '', '', '4', '409.4025', '', '', '1443304800', '40', '09', '2015', ''),
(18, 27, '8', '378.3', '', '', '12.5', '13', '1458774000', '12', '03', '2016', ''),
(19, 3, '8', '629.85', '', '', '12.5', '13', '1458860400', '12', '03', '2016', '');

-- --------------------------------------------------------

--
-- Table structure for table `paidloans`
--

CREATE TABLE IF NOT EXISTS `paidloans` (
  `id` int(99) NOT NULL AUTO_INCREMENT,
  `user_id` int(99) NOT NULL,
  `week` varchar(99) NOT NULL,
  `year` varchar(99) NOT NULL,
  `sss_loan` varchar(99) NOT NULL,
  `calamity_loan` varchar(99) NOT NULL,
  `pagibig_loan` varchar(99) NOT NULL,
  `advance` varchar(99) NOT NULL,
  `date_added` varchar(99) NOT NULL,
  PRIMARY KEY (`id`)
) ENGINE=InnoDB  DEFAULT CHARSET=latin1 AUTO_INCREMENT=7 ;

--
-- Dumping data for table `paidloans`
--

INSERT INTO `paidloans` (`id`, `user_id`, `week`, `year`, `sss_loan`, `calamity_loan`, `pagibig_loan`, `advance`, `date_added`) VALUES
(3, 3, '45', '2015', '0', '79.715', '0', '', ''),
(4, 3, '39', '2015', '0', '79.715', '0', '', ''),
(5, 3, '12', '2016', '0', '79.715', '0', '', ''),
(6, 3, '53', '2016', '0', '79.715', '0', '', '');

-- --------------------------------------------------------

--
-- Table structure for table `philhealths`
--

CREATE TABLE IF NOT EXISTS `philhealths` (
  `id` int(99) NOT NULL AUTO_INCREMENT,
  `from` varchar(99) NOT NULL,
  `to` varchar(99) NOT NULL,
  `premium` varchar(99) NOT NULL,
  `msc` varchar(99) NOT NULL,
  `er` varchar(99) NOT NULL,
  `ee` varchar(99) NOT NULL,
  `ecc` varchar(99) NOT NULL,
  `total` varchar(99) NOT NULL,
  `date_added` varchar(99) NOT NULL,
  PRIMARY KEY (`id`)
) ENGINE=InnoDB  DEFAULT CHARSET=latin1 AUTO_INCREMENT=42 ;

--
-- Dumping data for table `philhealths`
--

INSERT INTO `philhealths` (`id`, `from`, `to`, `premium`, `msc`, `er`, `ee`, `ecc`, `total`, `date_added`) VALUES
(1, '0', '199', '25', '', '', '', '', '', ''),
(2, '200', '799', '25', '', '', '', '', '', ''),
(3, '800', '1099', '25', '', '', '', '', '', ''),
(4, '1100', '1299', '25', '', '', '', '', '', ''),
(5, '1300', '1599', '25', '', '', '', '', '', ''),
(6, '1600', '1999', '25', '', '', '', '', '', ''),
(7, '2000', '2099', '25', '', '', '', '', '', ''),
(8, '2100', '2599', '25', '', '', '', '', '', ''),
(9, '2600', '2999', '25', '', '', '', '', '', ''),
(10, '3000', '99999', '50', '', '', '', '', '', ''),
(14, '0', '8999.99', '', '8000', '100', '100', '', '200', ''),
(15, '9000', '9999.99', '', '9000', '112.50', '112.50', '', '225', ''),
(16, '10000', '10999.99', '', '10000', '125', '125', '', '250', ''),
(17, '11000', '11999.99', '', '11000', '137.50', '137.50', '', '275', ''),
(18, '12000', '12999.99', '', '12000', '150', '150', '', '300', ''),
(19, '13000', '13999.99', '', '13000', '162.50', '162.50', '', '325', ''),
(20, '14000', '14999.99', '', '14000', '175', '175', '', '350', ''),
(21, '15000', '15999.99', '', '15000', '187.50', '187.50', '', '375', ''),
(22, '16000', '16999.99', '', '16000', '200', '200', '', '400', ''),
(23, '17000', '17999.99', '', '17000', '212.50', '212.50', '', '425', ''),
(24, '18000', '18999.99', '', '18000', '225', '225', '', '450', ''),
(25, '19000', '19999.99', '', '19000', '237.50', '237.50', '', '475', ''),
(26, '20000', '20999.99', '', '20000', '250', '250', '', '500', ''),
(27, '21000', '21999.99', '', '21000', '262.50', '262.50', '', '525', ''),
(28, '22000', '22999.99', '', '22000', '275', '275', '', '550', ''),
(29, '23000', '23999.99', '', '23000', '287.50', '287.50', '', '575', ''),
(30, '24000', '24999.99', '', '24000', '300', '300', '', '600', ''),
(31, '25000', '25999.99', '', '25000', '312.50', '312.50', '', '625', ''),
(32, '26000', '26999.99', '', '26000', '325', '325', '', '650', ''),
(33, '27000', '27999', '', '27000', '337.50', '337.50', '', '675', ''),
(34, '28000', '28999.99', '', '28000', '350', '350', '', '700', ''),
(35, '29000', '29999.99', '', '29000', '362.50', '362.50', '', '725', ''),
(36, '30000', '30999.99', '', '30000', '375', '375', '', '750', ''),
(37, '31000', '31999.99', '', '31000', '387.50', '387.50', '', '775', ''),
(38, '32000', '32999.99', '', '32000', '400', '400', '', '800', ''),
(39, '33000', '33999.99', '', '33000', '412.50', '412.50', '', '825', ''),
(40, '34000', '34999.99', '', '34000', '425', '425', '', '850', ''),
(41, '35000', '99999', '', '35000', '437.50', '437.50', '', '875', '');

-- --------------------------------------------------------

--
-- Table structure for table `roles`
--

CREATE TABLE IF NOT EXISTS `roles` (
  `id` int(11) NOT NULL AUTO_INCREMENT,
  `role` varchar(255) NOT NULL,
  `per_hour` varchar(11) NOT NULL,
  `date_added` varchar(255) NOT NULL,
  `status` int(1) NOT NULL DEFAULT '1',
  PRIMARY KEY (`id`)
) ENGINE=InnoDB  DEFAULT CHARSET=latin1 AUTO_INCREMENT=50 ;

--
-- Dumping data for table `roles`
--

INSERT INTO `roles` (`id`, `role`, `per_hour`, `date_added`, `status`) VALUES
(2, 'Micro Analyst - SPD', '484.50', '', 1),
(3, 'Special Analyst - A', '474.50', '', 1),
(4, 'Sanitary Inspector', '355', '', 1),
(5, 'Shift Mechanics', '313', '', 1),
(6, 'SPD Chem Analyst', '484.50', '', 1),
(7, 'SPD Lab Assistant', '323', '', 1),
(8, 'Boiler', '291', '', 1),
(9, 'Hygiene Checker - A', '317', '', 1),
(10, 'Hygiene Checker - B', '308.25', '', 1),
(11, 'Shift Mechanic - A', '313', '', 1),
(12, 'Shift Mechanic - B', '304.65', '', 1),
(13, 'SPD Analyst', '484.50', '', 1),
(14, 'Chem Supervisor', '455.97', '', 1),
(15, 'Micro Supervisor', '552.26', '', 1),
(16, 'SPD Clerk', '365', '', 1),
(17, 'Q.A Clerk - B', '343.35', '', 1),
(18, 'SPD Q.A - A', '317', '', 1),
(19, 'SPD Q.A - B', '308.25', '', 1),
(20, 'Special Analyst - B', '427.05', '', 1),
(21, 'SPD Lab Aide II', '307', '', 1),
(22, 'Utility ', '291', '', 1),
(23, 'Warehouse man ', '394.50', '', 1),
(24, 'Warehouse Clerk ', '356', '', 1),
(25, 'Forklift Operator ', '310', '', 1),
(26, 'Warehouse Crew ', '330', '', 1),
(27, 'SPD Crew - Green ', '291', '', 1),
(28, 'SPD Crew - Yellow', '291', '', 1),
(29, 'SPD Crew - Red ', '291', '', 1),
(30, 'Blancherman ', '310', '', 1),
(31, 'Boiler Mechanic ', '313', '', 1),
(32, 'Boiler Tender ', '364.50', '', 1),
(33, 'DCn Chem Analyst ', '484.50', '', 1),
(34, 'DCN Special Chem Analyst ', '427.05', '', 1),
(35, 'DCN Tester', '300', '', 1),
(36, 'Dryerman ', '335', '', 1),
(37, 'Grinderman ', '323', '', 1),
(38, 'Hygiene Checker ', '317', '', 1),
(39, 'Janitor ', '291', '', 1),
(40, 'Janitress ', '291', '', 1),
(41, 'Packing ', '291', '', 1),
(42, 'QA Inspector ', '317', '', 1),
(43, 'Safety Officer ', '365', '', 1),
(44, 'Sanitary Inspector ', '355', '', 0),
(45, 'Scanner ', '291', '', 1),
(46, 'Shift Electrician ', '313', '', 1),
(47, 'Shift Mechanic ', '313', '', 0),
(48, 'SO2 Analyst', '307', '', 1),
(49, 'Warehouse Crew - B ', '291', '', 1);

-- --------------------------------------------------------

--
-- Table structure for table `sses`
--

CREATE TABLE IF NOT EXISTS `sses` (
  `id` int(99) NOT NULL AUTO_INCREMENT,
  `from` varchar(99) NOT NULL,
  `to` varchar(99) NOT NULL,
  `premium` varchar(99) NOT NULL,
  `msc` varchar(99) NOT NULL,
  `er` varchar(99) NOT NULL,
  `ee` varchar(99) NOT NULL,
  `ecc` varchar(99) NOT NULL,
  `total` varchar(99) NOT NULL,
  `date_added` varchar(99) NOT NULL,
  PRIMARY KEY (`id`)
) ENGINE=InnoDB  DEFAULT CHARSET=latin1 AUTO_INCREMENT=44 ;

--
-- Dumping data for table `sses`
--

INSERT INTO `sses` (`id`, `from`, `to`, `premium`, `msc`, `er`, `ee`, `ecc`, `total`, `date_added`) VALUES
(2, '0', '199', '20', '', '', '', '', '', ''),
(3, '200', '799', '30', '', '', '', '', '', ''),
(4, '800', '1099', '33.3', '', '', '', '', '', ''),
(5, '1100', '1299', '45', '', '', '', '', '', ''),
(6, '1300', '1599', '50', '', '', '', '', '', ''),
(7, '1600', '1999', '75', '', '', '', '', '', ''),
(8, '2000', '2099', '80', '', '', '', '', '', ''),
(9, '2100', '2599', '85', '', '', '', '', '', ''),
(10, '2600', '2999', '90', '', '', '', '', '', ''),
(12, '1000', '1249.99', '', '1000', '83.70', '36.30', '10', '120', ''),
(13, '1250', '1749.99', '', '1500', '120.50', '54.50', '10', '175', ''),
(14, '1750', '2249.99', '', '2000', '157.30', '72.70', '10', '230', ''),
(15, '2250', '2749.99', '', '2500', '194.20', '90.80', '10', '285', ''),
(16, '2750', '3249.99', '', '3000', '231.00', '109.00', '10', '340', ''),
(17, '3250', '3749.99', '', '3500', '267.80', '127.20', '10', '395', ''),
(18, '3750', '4249.99', '', '4000', '304.70', '145.30', '10', '450', ''),
(19, '4250', '4749.99', '', '4500', '341.50', '163.50', '10', '505', ''),
(20, '4750', '5249.99', '', '5000', '378.30', '181.70', '10', '560', ''),
(21, '5250', '5749.99', '', '5500', '415.20', '199.80', '10', '615', ''),
(22, '5750', '6249.99', '', '6000', '452.00', '218.00', '10', '670', ''),
(23, '6250', '6749.99', '', '6500', '488.80', '236.20', '10', '725', ''),
(24, '6750', '7249.99', '', '7000', '525.70', '254.30', '10', '780', ''),
(25, '7250', '7749.99', '', '7500', '562.50', '272.50', '10', '835', ''),
(26, '7750', '8249.99', '', '8000', '599.30', '290.70', '10', '890', ''),
(27, '8250', '8749.99', '', '8500', '636.20', '308.80', '10', '945', ''),
(28, '8750', '9249.99', '', '9000', '673.00', '327.00', '10', '1000', ''),
(29, '9250', '9749.99', '', '9500', '709.80', '345.20', '10', '1055', ''),
(30, '9750', '10249.99', '', '10000', '746.70', '363.30', '10', '1110', ''),
(31, '10250', '10749.99', '', '10500', '783.50', '381.50', '10', '1165', ''),
(32, '10750', '11249.99', '', '11000', '820.30', '399.70', '10', '1220', ''),
(33, '11750', '11749.99', '', '11500', '857.20', '417.80', '10', '1275', ''),
(34, '11750', '12249.99', '', '12000', '894.00', '436.00', '10', '1330', ''),
(35, '12250', '12749.99', '', '12500', '930.80', '454.20', '10', '1385', ''),
(36, '12750', '13249.99', '', '13000', '967.70', '472.30', '10', '1440', ''),
(37, '13250', '13749.99', '', '13500', '1004.50', '490.50', '10', '1495', ''),
(38, '13750', '14249.99', '', '14000', '1041.30', '508.70', '10', '1550', ''),
(39, '14250', '14749.99', '', '14500', '1078.20', '526.80', '10', '1605', ''),
(40, '14750', '15249.99', '', '15000', '1135.00', '545.00', '30', '1680', ''),
(41, '15250', '15749.99', '', '15500', '1171.80', '563.20', '30', '1735', ''),
(42, '15750', '16249.99', '', '16000', '1208.70', '581.30', '30', '1790', ''),
(43, '3000', '9999', '100', '', '', '', '', '', '');

-- --------------------------------------------------------

--
-- Table structure for table `staffs`
--

CREATE TABLE IF NOT EXISTS `staffs` (
  `username` varchar(255) NOT NULL,
  `password` varchar(255) NOT NULL,
  `status` int(11) NOT NULL,
  PRIMARY KEY (`username`)
) ENGINE=InnoDB DEFAULT CHARSET=latin1;

--
-- Dumping data for table `staffs`
--

INSERT INTO `staffs` (`username`, `password`, `status`) VALUES
('admin', 'admin123', 1);

-- --------------------------------------------------------

--
-- Table structure for table `users`
--

CREATE TABLE IF NOT EXISTS `users` (
  `id` int(11) NOT NULL AUTO_INCREMENT,
  `empid` varchar(99) NOT NULL,
  `department_id` int(99) NOT NULL,
  `fname` varchar(255) NOT NULL,
  `lname` varchar(255) NOT NULL,
  `mname` varchar(255) NOT NULL,
  `gender` varchar(50) NOT NULL,
  `address` varchar(255) NOT NULL,
  `contact` varchar(255) NOT NULL,
  `role_id` int(11) NOT NULL,
  `rest_day` varchar(255) NOT NULL,
  `sss` varchar(255) NOT NULL,
  `philhealth` varchar(255) NOT NULL,
  `pagibig` varchar(255) NOT NULL,
  `tin` varchar(255) NOT NULL,
  `date_hired` varchar(255) NOT NULL,
  `birthday` varchar(255) NOT NULL,
  `status` int(11) NOT NULL DEFAULT '1',
  `date` varchar(255) NOT NULL,
  PRIMARY KEY (`id`)
) ENGINE=InnoDB  DEFAULT CHARSET=latin1 AUTO_INCREMENT=31 ;

--
-- Dumping data for table `users`
--

INSERT INTO `users` (`id`, `empid`, `department_id`, `fname`, `lname`, `mname`, `gender`, `address`, `contact`, `role_id`, `rest_day`, `sss`, `philhealth`, `pagibig`, `tin`, `date_hired`, `birthday`, `status`, `date`) VALUES
(3, '', 2, 'Alexie', 'Bastida', '', 'female', '', '', 2, 'Tue', '', '', '443', '', '02-14-2015', '02-14-2015', 1, '2015-02-14 03:04:15 am'),
(4, '', 2, 'Jojilyn Rose', 'Mabunting', 'S', 'female', '', '', 2, 'Thu', '11-1111111-1', '22-222222222-2', '33333333', '444-444-444-444', '01-27-2015', '02-14-2015', 1, '2015-02-14 03:05:42 am'),
(5, '', 1, 'Cristina', 'Manalo', '', 'female', '', '', 2, 'Sun', '', '', '1112', '', '02-05-2015', '02-20-2015', 1, '2015-02-14 03:23:12 am'),
(6, '', 1, 'Marychell', 'Ona', '', 'female', '', '', 2, 'Sun', '', '', '112515', '', '02-05-2015', '', 1, '2015-02-14 03:24:57 am'),
(7, '', 0, 'Laarnie', 'Salido', '', 'female', '', '', 2, 'Fri', '77747', '62363211', '6272723', '63112', '02-05-2015', '', 1, '2015-02-14 03:25:39 am'),
(8, '', 0, 'Elizabeth', 'Granada', '', 'female', '', '', 3, 'Sun', '74372', '627237', '72723727', '16163723', '02-07-2015', '', 1, '2015-02-14 03:26:33 am'),
(9, '', 2, 'Adrian', 'Manalo', '', 'male', '', '', 4, 'Tue', '', '', '4684351', '', '02-05-2015', '', 1, '2015-02-14 03:27:31 am'),
(10, '', 0, 'julius', 'pemilar', '', 'male', '', '', 4, 'Sat', '553215', '515125125', '12512512621621', '1612612612', '01-31-2015', '', 1, '2015-02-14 03:54:24 am'),
(11, '', 0, 'bernal', 'pereras', '', 'male', '', '', 2, 'Mon', '61616161', '616126126', '361616', '13613631613', '02-16-2015', '', 1, '2015-02-14 03:55:15 am'),
(12, '', 0, 'mark anthony', 'pereras', '', 'male', '', '', 4, 'Wed', '', '', '12512512521', '512-512-512-512', '02-24-2015', '02-26-2015', 1, '2015-02-14 03:55:48 am'),
(13, '', 0, 'argyllie nico', 'pinca', '', 'male', '', '', 4, 'Mon', '123124124', '21-412412421-4', '12412421421', '412-412-412-421', '02-04-2015', '', 1, '2015-02-14 04:02:42 am'),
(14, '', 0, 'zenaida', 'Ricohermoso', '', 'female', '', '', 4, 'Sun', '1561616', '16-161626364-7', '671631613613', '613-671-363-163', '02-18-2015', '', 1, '2015-02-14 04:03:34 am'),
(15, '', 0, 'Jr. Norberto', 'Garcia', '', 'male', '', '', 5, 'Mon', '631261612', '22-525526361-2', '12512512521512', '512-512-532-511', '02-17-2015', '', 1, '2015-02-14 04:05:49 am'),
(16, '', 0, 'Jayson', 'Garchitorena', '', 'male', '', '', 5, 'Mon', '51-2512512-5', '51-251251251-2', '123123123', '321-312-312-252', '02-25-2015', '', 1, '2015-02-14 04:06:23 am'),
(17, '', 0, 'nestor', 'lindo', '', 'male', '', '', 5, 'Mon', '51-5125125-1', '21-512521515-2', '1261261612612512', '125-125-125-125', '02-25-2015', '', 1, '2015-02-14 04:14:10 am'),
(18, '', 2, 'april', 'Abastillas', '', 'female', '', '', 6, 'Mon', '12-6126126-2', '12-612612612-5', '125125125125', '125-125-215-125', '02-18-2015', '', 1, '2015-02-14 04:16:51 am'),
(19, '', 0, 'kimberlie', 'elerjerio', '', 'male', '', '', 6, 'Fri', '15-6126126-1', '61-261261251-2', '25125125125', '125-125-126-126', '02-20-2015', '02-18-2015', 1, '2015-02-14 04:17:32 am'),
(20, '', 0, 'alexon christopher', 'francisco', '', 'male', '', '', 6, 'Fri', '11-3616165-1', '61-261263737-1', '1612612626', '216-126-126-124', '02-14-2015', '', 1, '2015-02-14 04:18:14 am'),
(21, '', 1, 'charmaine rassele', 'noves', '', 'male', '', '', 2, 'Fri', '51-2616125-1', '25-125125161-2', '1265125612612', '126-126-125-125', '02-18-2015', '', 1, '2015-02-14 04:19:05 am'),
(22, '', 0, 'miriam', 'carurucan', '', 'female', '', '', 7, 'Thu', '51-5212512-6', '61-261261261-6', '16161261126', '126-126-126-162', '02-26-2015', '', 1, '2015-02-14 04:22:56 am'),
(23, '', 0, 'lorelie', 'de leon', '', 'male', '', '', 7, 'Wed', '51-5251251-2', '12-512512512-5', '5125125125', '124-241-251-251', '02-27-2015', '', 1, '2015-02-14 04:23:35 am'),
(24, '', 2, 'Rufino', 'Cruzat', '', 'male', '', '', 8, 'Fri', '11-1111111-1', '11-111111111-1', '111111111', '111-111-111-111', '05-06-2016', '', 1, '2016-05-06 08:44:29 pm'),
(25, '', 2, 'George', 'Evangelista', '', 'male', '', '', 8, 'Fri', '11-1111111-1', '22-222222222-2', '', '333-333-333-333', '05-06-2016', '', 1, '2016-05-06 08:45:16 pm'),
(26, '', 2, 'John Kevin', 'Evangelista', '', 'male', '', '', 8, 'Fri', '', '', '', '', '05-06-2016', '', 1, '2016-05-06 08:46:01 pm'),
(27, '', 2, 'Rommel', 'Evangelista', '', 'male', '', '', 8, 'Tue', '', '', '', '', '05-06-2016', '', 1, '2016-05-06 08:46:30 pm'),
(28, '', 2, 'Romulo', 'Malolos', '', 'male', '', '', 8, 'Sun', '', '', '', '', '05-06-2016', '', 1, '2016-05-06 08:47:03 pm'),
(29, '', 2, 'June Francis', 'Pasumbal', '', 'male', '', '', 8, 'Fri', '', '', '', '', '05-06-2016', '', 1, '2016-05-06 08:48:02 pm'),
(30, '', 2, 'Leonilo', 'Ulan', '', 'male', '', '', 8, 'Fri', '', '', '', '', '05-06-2016', '', 1, '2016-05-06 08:48:29 pm');

/*!40101 SET CHARACTER_SET_CLIENT=@OLD_CHARACTER_SET_CLIENT */;
/*!40101 SET CHARACTER_SET_RESULTS=@OLD_CHARACTER_SET_RESULTS */;
/*!40101 SET COLLATION_CONNECTION=@OLD_COLLATION_CONNECTION */;
